insert into OFFENDER (
      OFFENDER_ID,FIRST_NAME,CRN,SURNAME,DATE_OF_BIRTH_DATE,PARTITION_AREA_ID,
      SOFT_DELETED,ROW_VERSION,GENDER_ID,SURNAME_SOUNDEX,CREATED_DATETIME,
      LAST_UPDATED_DATETIME,CURRENT_EXCLUSION,CREATED_BY_USER_ID,
      LAST_UPDATED_USER_ID,FIRST_NAME_SOUNDEX,LAST_UPDATED_USER_ID_DIVERSITY,
      CURRENT_DISPOSAL,CURRENT_RESTRICTION,PENDING_TRANSFER)
values (2500400000,'Elliot Exclusion','X400000','Erickson','1979-04-11',0,
        0,1,545,'B636', '2019-09-04 00:00:00',
        '2019-09-04 00:00:00',1,2500040507,
        2500040507,'B636',2500040507,
        1,1,0),
       (2500400001,'Reginald Restricted','X400001','Robinson','1981-01-01',0,
        0,1,545,'B636', '2019-09-04 00:00:00',
        '2019-09-04 00:00:00',1,2500040507,
        2500040507,'B636',2500040507,
        1,1,0);

insert into EVENT (
       EVENT_ID, OFFENDER_ID, EVENT_NUMBER, REFERRAL_DATE, SOFT_DELETED, PARTITION_AREA_ID,
       ROW_VERSION, CREATED_BY_USER_ID, CREATED_DATETIME, LAST_UPDATED_USER_ID,
       LAST_UPDATED_DATETIME, IN_BREACH, ACTIVE_FLAG, FTC_COUNT, PENDING_TRANSFER,
       PSS_RQMNT_FLAG, COURT_ID)
values (2700295127, 2500400000, 1, '2017-06-01 00:00:00', 0, 0,
        1, 2500040507, '2019-09-04 00:00:00', 2500040507,
        '2019-09-04 00:00:00', 0, 1, 0, 0, 0, 1500004905),
       (2700295128, 2500400001, 1, '2017-06-01 00:00:00', 0, 0,
        1, 2500040507, '2019-09-04 00:00:00', 2500040507,
        '2019-09-04 00:00:00', 0, 1, 0, 0, 0, 1500004905);

insert into MAIN_OFFENCE (
        MAIN_OFFENCE_ID, OFFENCE_DATE, OFFENCE_COUNT, EVENT_ID, SOFT_DELETED,
        PARTITION_AREA_ID, ROW_VERSION, OFFENCE_ID, OFFENDER_ID,
        CREATED_BY_USER_ID, CREATED_DATETIME, LAST_UPDATED_USER_ID, LAST_UPDATED_DATETIME)
values (2700297063, '2019-09-09 00:00:00', 1, 2700295127, 0,
        0, 1, 1107, 2500400000,
        2500040507, '2019-09-04 00:00:00', 2500040507, '2019-09-04 00:00:00'),
       (2700297064, '2019-09-09 00:00:00', 1, 2700295128, 0,
        0, 1, 1107, 2500400001,
        2500040507, '2019-09-04 00:00:00', 2500040507, '2019-09-04 00:00:00');

Insert into USER_ (USER_ID, STAFF_ID, SURNAME, FORENAME, NOTES, ROW_VERSION,DISTINGUISHED_NAME, PRIVATE, ORGANISATION_ID)
values
    (10100, 10100, 'FullAccess', 'LAO', null, 5, 'LAOFULLACCESS', 0, 0),
    (10101, 10101, 'Restricted', 'LAO', null, 5, 'LAORESTRICTED', 0, 0);

INSERT INTO STAFF (STAFF_ID, START_DATE, SURNAME, FORENAME, ROW_VERSION, OFFICER_CODE, CREATED_BY_USER_ID,
                   LAST_UPDATED_USER_ID, CREATED_DATETIME, LAST_UPDATED_DATETIME, PRIVATE, PROBATION_AREA_ID)
VALUES
    (10100,to_date('01-JAN-18','DD-MON-RR'),'FullAccess','LAO',1,'AP00001',1,
     1,to_date('01-JAN-18','DD-MON-RR'),to_date('01-JAN-18','DD-MON-RR'),0,(SELECT probation_area_id FROM PROBATION_AREA WHERE CODE = 'N58')),
    (10101,to_date('01-JAN-18','DD-MON-RR'),'Restricted','LAO',1,'AP00001',1,
     1,to_date('01-JAN-18','DD-MON-RR'),to_date('01-JAN-18','DD-MON-RR'),0,(SELECT probation_area_id FROM PROBATION_AREA WHERE CODE = 'N58'));
